{
  "15min": {
    "MSE": 555.7855625506318,
    "RMSE": 23.575104719823234,
    "MAE": 18.316490751840554,
    "MAPE": 22.5831197438413,
    "R2": 0.7895698206456467
  },
  "1hr": {
    "MSE": 471.6046153817871,
    "RMSE": 21.7164595498849,
    "MAE": 16.38625060167068,
    "MAPE": 18.908517594255887,
    "R2": 0.8215379679490573
  },
  "2hr": {
    "MSE": 459.09391181137846,
    "RMSE": 21.426476887518827,
    "MAE": 16.1049497027173,
    "MAPE": 18.149578342365732,
    "R2": 0.8262721997795804
  },
  "3hr": {
    "MSE": 472.99778468981094,
    "RMSE": 21.748512240836405,
    "MAE": 16.339592079032364,
    "MAPE": 18.318180613763897,
    "R2": 0.8208617876588657
  }
}